{"O15sFJYSPY2IPShJq++SUw==\n":"mbr_0.jpg-720x1080.jpg","ACBnhUTcZmzbkeEeIwK7CA==\n":"mbr_0.jpg-1920x1080.jpg","aYsjmTzf9pezBx+Txqb8cg==\n":"mbr_0.jpg-1060x1080.jpg","L/OV8evIT5r+jQqvXcOnbA==\n":"mbr_0.jpg-1200x586.jpg","BI3kwTydPVIjPASzRQPlfQ==\n":"24916060-businesswoman-on-a-road-ready-to-run-motivation-concept.jpg-1200x1175.jpg","CPnzJrBv2QI8kMwlQ0RtIw==\n":"mbr_0.jpg-1200x900.jpg","fNkn+hMh71vu6QLY0161RQ==\n":"mbr_0.jpg-1200x800.jpg","UYMISkR1mHl3qRQMd/VjLw==\n":"mbr_0.jpg-608x1080.jpg","qbmiS7gX3hhxzbGnvSWtEA==\n":"mbr_0.jpg-1200x670.jpg","P5LWv6Khb2yf/c90meadNg==\n":"mbr-0.jpg-1-720x1080.jpg-720x1080.jpg","uF/VDCisswFY4RXJXVGS6Q==\n":"poster_2021-02-11-122136.png-1200x1200.png","05XFWU4U8BZnFasf+IhGiw==\n":"poster_2021-03-12-045343.png-1200x1200.png","bOrRF+Ais9aWxKW9JenRlw==\n":"poster_2021-03-12-045343.png-1-1200x1200.png","7bDaeA3y7KUBgjWg42v2qg==\n":"poster_2021-03-12-045725.png-2000x2000.png","RGksbjCg8uRRQc9QnVTDvQ==\n":"poster_2021-03-12-045725.png-1-2000x2000.png","m3m8v4jsNrWhSUcBxIKDYw==\n":"poster_2021-03-15-083212.png-794x794.png","Vqm1c7W6QoJEzA2A1sWpzg==\n":"mbr_0.jpg-734x489.jpg"}